feature_a,feature_b,segment,label
0.293,0.468,east,0
1.129,-0.686,south,1
-0.133,-1.369,south,1
0.175,0.254,north,1
1.273,1.113,east,1
1.339,1.373,north,1
-1.579,0.808,south,0
-0.406,-0.500,east,0
0.933,-2.480,north,1
0.524,,south,0
-1.119,-0.557,north,0
0.905,-0.276,east,1
0.916,-0.515,north,1
0.295,,east,0
0.000,1.195,north,0
-1.173,,south,0
-1.293,0.521,east,0
0.886,-0.098,south,1
0.458,-0.879,north,1
-0.118,-2.320,south,1
-1.336,-0.584,north,0
-0.977,0.795,east,0
1.212,-0.411,east,1
0.135,-0.361,south,1
0.708,-1.778,south,1
-0.638,-1.445,east,1
0.885,-0.410,east,1
-0.175,0.107,east,0
-0.492,0.630,south,0
-0.399,0.333,south,0
-0.438,0.353,south,0
-0.241,0.422,north,0
-0.363,0.789,east,0
-0.706,-1.054,south,0
-2.433,0.688,north,0
0.062,-1.701,east,1
0.939,0.087,east,1
-1.872,-0.083,south,0
0.599,-0.135,north,1
-0.085,0.127,east,0
-1.275,0.709,south,0
-0.268,-0.187,east,0
0.538,-0.838,east,1
0.006,0.325,east,0
0.572,0.262,south,1
-2.833,0.649,south,0
0.196,0.262,east,0
0.659,1.748,north,1
-0.891,,south,0
0.479,-0.194,east,0
-1.127,0.798,south,0
1.885,0.996,south,1
-1.790,,south,0
-1.947,-1.533,east,0
-0.228,-0.624,south,0
-1.093,,east,0
1.082,-0.521,south,1
-0.117,0.215,east,0
0.705,0.142,east,0
0.286,-0.403,east,1
0.221,-0.746,north,1
0.054,-0.447,south,1
-0.813,0.638,north,0
0.040,0.580,south,0
0.478,-1.200,south,1
-0.731,-2.686,east,1
-1.262,0.398,north,0
-0.117,,east,0
-2.060,0.076,south,0
0.807,-1.204,east,1
-0.619,-1.135,south,0
0.318,0.356,east,1
1.609,-0.658,east,1
0.484,,east,0
0.924,-0.570,north,1
0.874,-1.167,east,1
-0.106,-0.505,east,1
2.026,2.086,south,0
0.817,-0.015,south,0
1.075,-0.358,south,1
-1.316,0.209,east,0
-0.902,1.013,east,0
-1.058,1.361,south,0
-1.081,-0.278,east,0
0.560,-0.360,north,1
0.206,1.907,east,0
-0.417,1.386,east,0
1.628,0.408,east,1
0.995,-1.689,east,1
-1.166,0.153,south,0
-0.256,0.127,north,1
0.190,-0.468,east,1
2.427,0.917,south,1
1.371,-0.877,north,1
0.839,1.401,east,0
0.371,1.312,north,1
-0.142,,south,0
0.396,1.051,east,0
-0.392,-0.639,south,0
0.916,0.664,south,1
-0.535,,south,0
-0.344,,east,0
-0.014,1.004,south,0
0.842,-1.281,north,1
0.215,-1.091,north,1
2.486,-0.592,north,1
0.392,1.178,north,0
-0.808,1.904,south,0
0.489,-1.084,east,1
1.361,0.390,east,1
1.700,-0.137,north,1
1.757,-0.095,north,1
0.110,0.757,north,1
0.190,0.353,south,0
-0.084,-1.037,north,1
0.244,0.625,north,1
0.732,-0.165,north,1
-0.266,-0.794,east,1
-0.054,-0.912,south,1
0.029,-0.718,east,0
0.796,,north,1
0.600,-0.069,east,1
0.648,-0.604,south,1
0.018,-0.007,north,1
0.128,0.840,east,0
-0.446,-1.158,north,1
-1.536,-0.673,south,0
-0.331,,south,0
-0.597,0.096,south,0
0.554,-0.406,north,1
0.018,-2.702,east,1
1.403,0.380,south,1
1.157,0.533,south,1
-0.103,-0.595,south,0
-1.271,0.390,south,0
-0.198,-0.404,east,0
-0.289,-0.339,east,0
0.358,-1.166,north,1
0.503,0.385,east,1
0.670,-0.623,south,1
0.886,0.599,south,1
-0.734,-0.163,north,0
-0.797,-0.353,east,0
2.253,-0.153,south,1
0.088,2.830,south,0
-1.487,-0.026,east,0
-1.986,-2.823,east,0
0.102,-1.401,north,1
-0.455,0.253,south,0
0.510,1.437,north,0
-0.160,-0.364,south,0
-1.676,0.830,east,0
-1.252,0.048,east,0
0.531,-0.853,south,1
-0.206,-0.272,north,0
-0.099,1.479,north,0
0.439,0.965,north,0
-0.003,0.490,south,0
0.711,0.831,north,0
-0.986,1.664,south,0
